Workbook

Sheet Takeoff
A1: REBAR ESTIMATION TAKEOFF
A2: Enter project details in yellow cells. Blue/gray cells calculate automatically.
A4: Count formula: (run length in inches / spacing, rounded up) + 1, multiplied by runs. Enter Qty Override to use a known total instead.
A5: Mark | B5: Level / Area | C5: Element | D5: Location | E5: Bar Size | F5: Shape | G5: Spacing (in) | H5: Run Length (ft) | I5: Runs | J5: Qty Override | K5: Calculated Qty | L5: Total Qty | M5: Length / Bar (ft) | N5: Total Length (ft) | O5: Unit Wt (lb/ft) | P5: Total Weight (lb)
K6: =IF(AND(G6>0,H6>0,I6>0),(ROUNDUP(H6*12/G6,0)+1)*I6,"") | L6: =IF(J6>0,J6,IF(K6>0,K6,"")) | N6: =IF(AND(L6>0,M6>0),L6*M6,"") | O6: =IFERROR(VLOOKUP(E6,'Bar Weights'!$A$3:$B$13,2,FALSE),"") | P6: =IF(AND(N6>0,O6>0),N6*O6,"")
K7: =IF(AND(G7>0,H7>0,I7>0),(ROUNDUP(H7*12/G7,0)+1)*I7,"") | L7: =IF(J7>0,J7,IF(K7>0,K7,"")) | N7: =IF(AND(L7>0,M7>0),L7*M7,"") | O7: =IFERROR(VLOOKUP(E7,'Bar Weights'!$A$3:$B$13,2,FALSE),"") | P7: =IF(AND(N7>0,O7>0),N7*O7,"")
K8: =IF(AND(G8>0,H8>0,I8>0),(ROUNDUP(H8*12/G8,0)+1)*I8,"") | L8: =IF(J8>0,J8,IF(K8>0,K8,"")) | N8: =IF(AND(L8>0,M8>0),L8*M8,"") | O8: =IFERROR(VLOOKUP(E8,'Bar Weights'!$A$3:$B$13,2,FALSE),"") | P8: =IF(AND(N8>0,O8>0),N8*O8,"")
K9: =IF(AND(G9>0,H9>0,I9>0),(ROUNDUP(H9*12/G9,0)+1)*I9,"") | L9: =IF(J9>0,J9,IF(K9>0,K9,"")) | N9: =IF(AND(L9>0,M9>0),L9*M9,"") | O9: =IFERROR(VLOOKUP(E9,'Bar Weights'!$A$3:$B$13,2,FALSE),"") | P9: =IF(AND(N9>0,O9>0),N9*O9,"")
K10: =IF(AND(G10>0,H10>0,I10>0),(ROUNDUP(H10*12/G10,0)+1)*I10,"") | L10: =IF(J10>0,J10,IF(K10>0,K10,"")) | N10: =IF(AND(L10>0,M10>0),L10*M10,"") | O10: =IFERROR(VLOOKUP(E10,'Bar Weights'!$A$3:$B$13,2,FALSE),"") | P10: =IF(AND(N10>0,O10>0),N10*O10,"")
K11: =IF(AND(G11>0,H11>0,I11>0),(ROUNDUP(H11*12/G11,0)+1)*I11,"") | L11: =IF(J11>0,J11,IF(K11>0,K11,"")) | N11: =IF(AND(L11>0,M11>0),L11*M11,"") | O11: =IFERROR(VLOOKUP(E11,'Bar Weights'!$A$3:$B$13,2,FALSE),"") | P11: =IF(AND(N11>0,O11>0),N11*O11,"")
K12: =IF(AND(G12>0,H12>0,I12>0),(ROUNDUP(H12*12/G12,0)+1)*I12,"") | L12: =IF(J12>0,J12,IF(K12>0,K12,"")) | N12: =IF(AND(L12>0,M12>0),L12*M12,"") | O12: =IFERROR(VLOOKUP(E12,'Bar Weights'!$A$3:$B$13,2,FALSE),"") | P12: =IF(AND(N12>0,O12>0),N12*O12,"")
K13: =IF(AND(G13>0,H13>0,I13>0),(ROUNDUP(H13*12/G13,0)+1)*I13,"") | L13: =IF(J13>0,J13,IF(K13>0,K13,"")) | N13: =IF(AND(L13>0,M13>0),L13*M13,"") | O13: =IFERROR(VLOOKUP(E13,'Bar Weights'!$A$3:$B$13,2,FALSE),"") | P13: =IF(AND(N13>0,O13>0),N13*O13,"")
K14: =IF(AND(G14>0,H14>0,I14>0),(ROUNDUP(H14*12/G14,0)+1)*I14,"") | L14: =IF(J14>0,J14,IF(K14>0,K14,"")) | N14: =IF(AND(L14>0,M14>0),L14*M14,"") | O14: =IFERROR(VLOOKUP(E14,'Bar Weights'!$A$3:$B$13,2,FALSE),"") | P14: =IF(AND(N14>0,O14>0),N14*O14,"")
K15: =IF(AND(G15>0,H15>0,I15>0),(ROUNDUP(H15*12/G15,0)+1)*I15,"") | L15: =IF(J15>0,J15,IF(K15>0,K15,"")) | N15: =IF(AND(L15>0,M15>0),L15*M15,"") | O15: =IFERROR(VLOOKUP(E15,'Bar Weights'!$A$3:$B$13,2,FALSE),"") | P15: =IF(AND(N15>0,O15>0),N15*O15,"")
K16: =IF(AND(G16>0,H16>0,I16>0),(ROUNDUP(H16*12/G16,0)+1)*I16,"") | L16: =IF(J16>0,J16,IF(K16>0,K16,"")) | N16: =IF(AND(L16>0,M16>0),L16*M16,"") | O16: =IFERROR(VLOOKUP(E16,'Bar Weights'!$A$3:$B$13,2,FALSE),"") | P16: =IF(AND(N16>0,O16>0),N16*O16,"")
K17: =IF(AND(G17>0,H17>0,I17>0),(ROUNDUP(H17*12/G17,0)+1)*I17,"") | L17: =IF(J17>0,J17,IF(K17>0,K17,"")) | N17: =IF(AND(L17>0,M17>0),L17*M17,"") | O17: =IFERROR(VLOOKUP(E17,'Bar Weights'!$A$3:$B$13,2,FALSE),"") | P17: =IF(AND(N17>0,O17>0),N17*O17,"")
... K205: =IF(AND(G205>0,H205>0,I205>0),(ROUNDUP(H205*12/G205,0)+1)*I205,"") | L205: =IF(J205>0,J205,IF(K205>0,K205,"")) | N205: =IF(AND(L205>0,M205>0),L205*M205,"") | O205: =IFERROR(VLOOKUP(E205,'Bar Weights'!$A$3:$B$13,2,FALSE),"") | P205: =IF(AND(N205>0,O205>0),N205*O205,"")

Sheet Summary
A1: REBAR TAKEOFF SUMMARY
A3: Total Weight (lb) | B3: =SUM(Takeoff!P6:P205) | D3: Total Length (ft) | E3: =SUM(Takeoff!N6:N205)
A5: BAR SIZE | B5: TOTAL LENGTH (ft) | C5: TOTAL WEIGHT (lb) | D5: TOTAL QTY | F5: ELEMENT | G5: TOTAL WEIGHT (lb)
A6: #3 | B6: =SUMIF(Takeoff!$E$6:$E$205,A6,Takeoff!$N$6:$N$205) | C6: =SUMIF(Takeoff!$E$6:$E$205,A6,Takeoff!$P$6:$P$205) | D6: =SUMIF(Takeoff!$E$6:$E$205,A6,Takeoff!$L$6:$L$205) | F6: Footing | G6: =SUMIF(Takeoff!$C$6:$C$205,F6,Takeoff!$P$6:$P$205)
A7: #4 | B7: =SUMIF(Takeoff!$E$6:$E$205,A7,Takeoff!$N$6:$N$205) | C7: =SUMIF(Takeoff!$E$6:$E$205,A7,Takeoff!$P$6:$P$205) | D7: =SUMIF(Takeoff!$E$6:$E$205,A7,Takeoff!$L$6:$L$205) | F7: Column | G7: =SUMIF(Takeoff!$C$6:$C$205,F7,Takeoff!$P$6:$P$205)
A8: #5 | B8: =SUMIF(Takeoff!$E$6:$E$205,A8,Takeoff!$N$6:$N$205) | C8: =SUMIF(Takeoff!$E$6:$E$205,A8,Takeoff!$P$6:$P$205) | D8: =SUMIF(Takeoff!$E$6:$E$205,A8,Takeoff!$L$6:$L$205) | F8: Beam | G8: =SUMIF(Takeoff!$C$6:$C$205,F8,Takeoff!$P$6:$P$205)
A9: #6 | B9: =SUMIF(Takeoff!$E$6:$E$205,A9,Takeoff!$N$6:$N$205) | C9: =SUMIF(Takeoff!$E$6:$E$205,A9,Takeoff!$P$6:$P$205) | D9: =SUMIF(Takeoff!$E$6:$E$205,A9,Takeoff!$L$6:$L$205) | F9: Slab | G9: =SUMIF(Takeoff!$C$6:$C$205,F9,Takeoff!$P$6:$P$205)
A10: #7 | B10: =SUMIF(Takeoff!$E$6:$E$205,A10,Takeoff!$N$6:$N$205) | C10: =SUMIF(Takeoff!$E$6:$E$205,A10,Takeoff!$P$6:$P$205) | D10: =SUMIF(Takeoff!$E$6:$E$205,A10,Takeoff!$L$6:$L$205) | F10: Wall | G10: =SUMIF(Takeoff!$C$6:$C$205,F10,Takeoff!$P$6:$P$205)
A11: #8 | B11: =SUMIF(Takeoff!$E$6:$E$205,A11,Takeoff!$N$6:$N$205) | C11: =SUMIF(Takeoff!$E$6:$E$205,A11,Takeoff!$P$6:$P$205) | D11: =SUMIF(Takeoff!$E$6:$E$205,A11,Takeoff!$L$6:$L$205) | F11: Stair | G11: =SUMIF(Takeoff!$C$6:$C$205,F11,Takeoff!$P$6:$P$205)
A12: #9 | B12: =SUMIF(Takeoff!$E$6:$E$205,A12,Takeoff!$N$6:$N$205) | C12: =SUMIF(Takeoff!$E$6:$E$205,A12,Takeoff!$P$6:$P$205) | D12: =SUMIF(Takeoff!$E$6:$E$205,A12,Takeoff!$L$6:$L$205) | F12: Other | G12: =SUMIF(Takeoff!$C$6:$C$205,F12,Takeoff!$P$6:$P$205)
A13: #10 | B13: =SUMIF(Takeoff!$E$6:$E$205,A13,Takeoff!$N$6:$N$205) | C13: =SUMIF(Takeoff!$E$6:$E$205,A13,Takeoff!$P$6:$P$205) | D13: =SUMIF(Takeoff!$E$6:$E$205,A13,Takeoff!$L$6:$L$205)
A14: #11 | B14: =SUMIF(Takeoff!$E$6:$E$205,A14,Takeoff!$N$6:$N$205) | C14: =SUMIF(Takeoff!$E$6:$E$205,A14,Takeoff!$P$6:$P$205) | D14: =SUMIF(Takeoff!$E$6:$E$205,A14,Takeoff!$L$6:$L$205)
A15: #14 | B15: =SUMIF(Takeoff!$E$6:$E$205,A15,Takeoff!$N$6:$N$205) | C15: =SUMIF(Takeoff!$E$6:$E$205,A15,Takeoff!$P$6:$P$205) | D15: =SUMIF(Takeoff!$E$6:$E$205,A15,Takeoff!$L$6:$L$205)
A16: #18 | B16: =SUMIF(Takeoff!$E$6:$E$205,A16,Takeoff!$N$6:$N$205) | C16: =SUMIF(Takeoff!$E$6:$E$205,A16,Takeoff!$P$6:$P$205) | D16: =SUMIF(Takeoff!$E$6:$E$205,A16,Takeoff!$L$6:$L$205)

Sheet Read Me
A1: HOW TO USE THIS REBAR TAKEOFF
A2: Imperial units: inches, feet, pounds.
A3: Step | B3: Instructions
A4: 1 | B4: Enter one line per bar mark / location on the Takeoff tab. Use the yellow cells for inputs.
A5: 2 | B5: Select a bar size. Standard U.S. reinforcing bar nominal weights are provided on Bar Weights.
A6: 3 | B6: For regularly spaced bars, enter Spacing, Run Length, and Runs; calculated quantity includes one bar at each end.
A7: 4 | B7: For a known count or irregular layout, enter Qty Override. It takes precedence over Calculated Qty.
A8: 5 | B8: Enter the cut length of one bar in feet in Length / Bar. Include hooks/bends in this length as applicable.
A9: 6 | B9: Review Summary for total quantities, lengths, and estimated weights by bar size and element.
A10: Important | B10: Unit weights are standard nominal values. This is a planning estimate, not a certified fabrication schedule.
A11: Important | B11: This template does not add lap splice, development, coupler, coating, or waste allowances. Add them to lengths/quantities per project specifications.
A12: Important | B12: Verify bar sizes, detailing, cover, splice requirements, and applicable code against approved structural drawings and project specifications.

Sheet Bar Weights
A1: STANDARD U.S. REBAR UNIT WEIGHTS
A2: Bar Size | B2: Unit Weight (lb/ft)
A3: #3 | B3: 0.376
A4: #4 | B4: 0.668
A5: #5 | B5: 1.043
A6: #6 | B6: 1.502
A7: #7 | B7: 2.044
A8: #8 | B8: 2.67
A9: #9 | B9: 3.4
A10: #10 | B10: 4.303
A11: #11 | B11: 5.313
A12: #14 | B12: 7.65
A13: #18 | B13: 13.6
A15: Source note | B15: Nominal U.S. bar weights; confirm with project specifications / supplier.
